{
  "name": "Advanced Front End Development Projects",
  "order": 12.5,
  "time": "150 hours",
  "helpRoom": "HelpFrontEnd",
  "challenges": [
    {
      "id": "bd7158d8c442eddfaeb5bd17",
      "title": "Build a JavaScript Calculator",
      "description": [
        "<strong>Objective:</strong> Build a <a href='http://codepen.io' target='_blank'>CodePen.io</a> app that is functionally similar to this: <a href='http://codepen.io/FreeCodeCamp/full/zrRzMR' target='_blank'>http://codepen.io/FreeCodeCamp/full/zrRzMR</a>.",
        "<strong>Rule #1:</strong> Don't look at the example project's code. Figure it out for yourself.",
        "<strong>Rule #2:</strong> Fulfill the below <a href='http://en.wikipedia.org/wiki/User_story' target='_blank'>user stories</a>. Use whichever libraries or APIs you need. Give it your own personal style.",
        "<strong>User Story:</strong> I can add, subtract, multiply and divide two numbers.",
        "<strong>User Story:</strong> I can clear the input field with a clear button.",
        "<strong>User Story:</strong> I can keep chaining mathematical operations together until I hit the equal button, and the calculator will tell me the correct output.",
        "Remember to use <a href='//github.com/FreeCodeCamp/freecodecamp/wiki/How-to-get-help-when-you-get-stuck' target='_blank'>Read-Search-Ask</a> if you get stuck.",
        "When you are finished, click the \"I've completed this challenge\" button and include a link to your CodePen. ",
        "You can get feedback on your project from fellow campers by sharing it in our <a href='//gitter.im/freecodecamp/codereview' target='_blank'>Code Review Chatroom</a>. You can also share it on Twitter and your city's Campsite (on Facebook)."
      ],
      "challengeSeed": [
        "126411565"
      ],
      "tests": [],
      "type": "zipline",
      "challengeType": 3,
      "descriptionEs": [
        "<span class='text-info'>Objetivo:</span> Crea una aplicación con <a href='http://codepen.io' target='_blank'>CodePen.io</a> cuya funcionalidad sea similar a esta: <a href='http://codepen.io/FreeCodeCamp/full/zrRzMR' target='_blank'>http://codepen.io/FreeCodeCamp/full/zrRzMR</a>.",
        "<span class='text-info'>Regla #1:</span> No veas el código del proyecto de ejemplo en CodePen. Encuentra la forma de hacerlo por tu cuenta.",
        "<span class='text-info'>Regla #2:</span> Satisface las siguientes <a href='http://en.wikipedia.org/wiki/User_story' target='_blank'>historias de usuario</a>. Usa cualquier librería o API que necesites. Dale tu estilo personal.",
        "<span class='text-info'>Historia de usuario:</span> Puedo sumar, restar, multiplicar y dividir dos números.",
        "<span class='text-info'>Historia de usuario opcional:</span> Puedo limpiar la pantalla con un botón de borrar.",
        "<span class='text-info'>Historia de usuario opcional:</span> Puedo concatenar continuamente varias operaciones hasta que pulse el botón de igual, y la calculadora me mostrará la respuesta correcta.",
        "Recuerda utilizar <a href='//github.com/FreeCodeCamp/freecodecamp/wiki/How-to-get-help-when-you-get-stuck' target='_blank'>Leer-Buscar-Preguntar</a> si te sientes atascado.",
        "Cuando hayas terminado, pulsa el botón de \"I've completed this challenge\" e incluye un enlace a tu CodePen. ",
        "Puedes obtener retroalimentación sobre tu proyecto por parte de otros campistas, compartiéndolo en nuestra <a href='//gitter.im/freecodecamp/codereview' target='_blank'>Sala de chat para revisión de código</a>. También puedes compartirlo en Twitter y en el campamento de tu ciudad (en Facebook)."
      ],
      "isRequired": true,
      "titleEs": "Crea una calculadora JavaScript"
    },
    {
      "id": "bd7158d8c442eddfaeb5bd0f",
      "title": "Build a Pomodoro Clock",
      "description": [
        "<strong>Objective:</strong> Build a <a href='http://codepen.io' target='_blank'>CodePen.io</a> app that is functionally similar to this: <a href='http://codepen.io/FreeCodeCamp/full/VemPZX' target='_blank'>http://codepen.io/FreeCodeCamp/full/VemPZX</a>.",
        "<strong>Rule #1:</strong> Don't look at the example project's code. Figure it out for yourself.",
        "<strong>Rule #2:</strong> Fulfill the below <a href='http://en.wikipedia.org/wiki/User_story' target='_blank'>user stories</a>. Use whichever libraries or APIs you need. Give it your own personal style.",
        "<strong>User Story:</strong> I can start a 25 minute pomodoro, and the timer will go off once 25 minutes has elapsed.",
        "<strong>User Story:</strong> I can reset the clock for my next pomodoro.",
        "<strong>User Story:</strong> I can customize the length of each pomodoro.",
        "Remember to use <a href='//github.com/FreeCodeCamp/freecodecamp/wiki/How-to-get-help-when-you-get-stuck' target='_blank'>Read-Search-Ask</a> if you get stuck.",
        "When you are finished, click the \"I've completed this challenge\" button and include a link to your CodePen. ",
        "You can get feedback on your project from fellow campers by sharing it in our <a href='//gitter.im/freecodecamp/codereview' target='_blank'>Code Review Chatroom</a>. You can also share it on Twitter and your city's Campsite (on Facebook)."
      ],
      "challengeSeed": [
        "126411567"
      ],
      "tests": [],
      "type": "zipline",
      "isRequired": true,
      "challengeType": 3,
      "titleRu": "Создайте таймер Pomodoro",
      "descriptionRu": [
        "<span class='text-info'>Задание:</span> Создайте <a href='http://codepen.io' target='_blank'>CodePen.io</a> который успешно копирует вот этот: <a href='http://codepen.io/FreeCodeCamp/full/VemPZX' target='_blank'>http://codepen.io/FreeCodeCamp/full/VemPZX</a>.",
        "<span class='text-info'>Правило #1:</span> Не подсматривайте код приведенного на CodePen примера. Напишите его самостоятельно.",
        "<span class='text-info'>Правило #2:</span> Можете использовать любые библиотеки или API, которые потребуются.",
        "<span class='text-info'>Правило #3:</span> Воссоздайте функционал приведенного примера и не стесняйтесь добавить что-нибудь от себя.",
        "Реализуйте следующие <a href='http://en.wikipedia.org/wiki/User_story' target='_blank'>пользовательские истории</a>, сделайте также бонусные по желанию:",
        "<span class='text-info'>Пользовательская история:</span> В качестве пользователя, я могу запустить 25 минутную 'помидорку', по истечении которой таймер выключится.",
        "<span class='text-info'>Бонусная пользовательская история:</span> В качестве пользователя, я могу сбросить таймер для установки следующей 'помидорки'.",
        "<span class='text-info'>Бонусная пользовательская история:</span> В качестве пользователя, я могу выбирать длительность 'помидорки'.",
        "Если что-то не получается, воспользуйтесь <a href='//github.com/FreeCodeCamp/freecodecamp/wiki/How-to-get-help-when-you-get-stuck' target='_blank'>Read-Search-Ask</a>.",
        "Когда выполните задание кликните кнопку \"I've completed this challenge\" и добавьте ссылку на ваш CodePen. Если вы программировали с кем-то в паре, также добавьте имя вашего напарника.",
        "Если вы хотите получить немедленную оценку вашего проекта, нажмите эту кнопку и добавьте ссылку на ваш CodePen. В противном случае мы проверим его перед тем как вы приступите к проектам для некоммерческих организаций.<br><br><a class='btn btn-primary btn-block' href='https://twitter.com/intent/tweet?text=Check%20out%20the%20project%20I%20just%20built%20with%20%40FreeCodeCamp:%20%0A%20%23LearnToCode%20%23JavaScript' target='_blank'>Click here then add your link to your tweet's text</a>"
      ],
      "titleEs": "Crea un reloj pomodoro",
      "descriptionEs": [
        "<span class='text-info'>Objetivo:</span> Crea una aplicación con <a href='http://codepen.io' target='_blank'>CodePen.io</a> cuya funcionalidad sea similar a la de esta: <a href='http://codepen.io/FreeCodeCamp/full/VemPZX' target='_blank'>http://codepen.io/FreeCodeCamp/full/VemPZX</a>.",
        "<span class='text-info'>Regla #1:</span> No veas el código del proyecto de ejemplo en CodePen. Encuentra la forma de hacerlo por tu cuenta.",
        "<span class='text-info'>Regla #2:</span> Satisface las siguientes <a href='http://en.wikipedia.org/wiki/User_story' target='_blank'>historias de usuario</a>. Usa cualquier librería o APIs que necesites. Dale tu estilo personal.",
        "<span class='text-info'>Historia de usuario:</span> Puedo iniciar un pomodoro de 25 minutos, y el cronómetro terminará cuando pasen 25 minutos.",
        "<span class='text-info'>Historia de usuario:</span> Como usuario, puedo reiniciar el reloj para comenzar mi siguiente pomodoro.",
        "<span class='text-info'>Historia de usuario:</span> Como usuario, puedo personalizar la longitud de cada pomodoro.",
        "Recuerda utilizar <a href='//github.com/FreeCodeCamp/freecodecamp/wiki/How-to-get-help-when-you-get-stuck' target='_blank'>Leer-Buscar-Preguntar</a> si te sientes atascado.",
        "Cuando hayas terminado, pulsa el botón de \"I've completed this challenge\" e incluye un enlace a tu CodePen.",
        "Puedes obtener retroalimentación sobre tu proyecto por parte de otros campistas, compartiéndolo en nuestra <a href='//gitter.im/freecodecamp/codereview' target='_blank'>Sala de chat para revisión de código</a>. También puedes compartirlo en Twitter y en el campamento de tu ciudad (en Facebook)."
      ]
    },
    {
      "id": "bd7158d8c442eedfaeb5bd1c",
      "title": "Build a Tic Tac Toe Game",
      "description": [
        "<strong>Objective:</strong> Build a <a href='http://codepen.io' target='_blank'>CodePen.io</a> app that is functionally similar to this: <a href='http://codepen.io/FreeCodeCamp/full/adBpvw' target='_blank'>http://codepen.io/FreeCodeCamp/full/adBpvw</a>.",
        "<strong>Rule #1:</strong> Don't look at the example project's code. Figure it out for yourself.",
        "<strong>Rule #2:</strong> Fulfill the below <a href='http://en.wikipedia.org/wiki/User_story' target='_blank'>user stories</a>. Use whichever libraries or APIs you need. Give it your own personal style.",
        "<strong>User Story:</strong> I can play a game of Tic Tac Toe with the computer.",
        "<strong>User Story:</strong> My game will reset as soon as it's over so I can play again.",
        "<strong>User Story:</strong> I can choose whether I want to play as X or O.",
        "Remember to use <a href='//github.com/FreeCodeCamp/freecodecamp/wiki/How-to-get-help-when-you-get-stuck' target='_blank'>Read-Search-Ask</a> if you get stuck.",
        "When you are finished, click the \"I've completed this challenge\" button and include a link to your CodePen.",
        "You can get feedback on your project from fellow campers by sharing it in our <a href='//gitter.im/freecodecamp/codereview' target='_blank'>Code Review Chatroom</a>. You can also share it on Twitter and your city's Campsite (on Facebook)."
      ],
      "challengeSeed": [
        "126415123"
      ],
      "tests": [],
      "type": "zipline",
      "challengeType": 3,
      "descriptionEs": [
        "<span class='text-info'>Objetivo:</span> Construye una aplicación en <a href='http://codepen.io' target='_blank'>CodePen.io</a> cuya funcionalidad sea similar a la de esta: <a href='http://codepen.io/FreeCodeCamp/full/adBpvw' target='_blank'>http://codepen.io/FreeCodeCamp/full/adBpvw</a>.",
        "<span class='text-info'>Regla #1:</span> No veas el código del proyecto de ejemplo en CodePen. Encuentra la forma de hacerlo por tu cuenta.",
        "<span class='text-info'>Regla #2:</span> Satisface las siguientes <a href='http://en.wikipedia.org/wiki/User_story' target='_blank'>historias de usuario</a>. Usa cualquier librería o APIs que necesites. Dale tu estilo personal.",
        "<span class='text-info'>Historia de usuario:</span> Puedo jugar un juego de Tic Tac Toe contra el computador.",
        "<span class='text-info'>Historia de usuario:</span> Mi juego se reiniciará tan pronto como termine para poder jugar de nuevo.",
        "<span class='text-info'>Historia de usuario:</span> Puedo elegir si quiero jugar como X o como O.",
        "Recuerda utilizar <a href='//github.com/FreeCodeCamp/freecodecamp/wiki/How-to-get-help-when-you-get-stuck' target='_blank'>Leer-Buscar-Preguntar</a> si te sientes atascado.",
        "Cuando hayas terminado, pulsa el botón de \"I've completed this challenge\" e incluye un enlace a tu CodePen.",
        "Puedes obtener retroalimentación sobre tu proyecto por parte de otros campistas, compartiéndolo en nuestra <a href='//gitter.im/freecodecamp/codereview' target='_blank'>Sala de chat para revisión de código</a>. También puedes compartirlo en Twitter y en el campamento de tu ciudad (en Facebook)."
      ],
      "isRequired": true,
      "titleEs": "Crea un juego de Tic Tac Toe"
    },
    {
      "id": "bd7158d8c442eddfaeb5bd1c",
      "title": "Build a Simon Game",
      "description": [
        "<strong>Objective:</strong> Build a <a href='http://codepen.io' target='_blank'>CodePen.io</a> app that is functionally similar to this: <a href='http://codepen.io/Em-Ant/full/QbRyqq/' target='_blank'>http://codepen.io/FreeCodeCamp/full/obYBjE</a>.",
        "<strong>Rule #1:</strong> Don't look at the example project's code. Figure it out for yourself.",
        "<strong>Rule #2:</strong> Fulfill the below <a href='http://en.wikipedia.org/wiki/User_story' target='_blank'>user stories</a>. Use whichever libraries or APIs you need. Give it your own personal style.",
        "<strong>User Story:</strong> I am presented with a random series of button presses.",
        "<strong>User Story:</strong> Each time I input a series of button presses correctly, I see the same series of button presses but with an additional step.",
        "<strong>User Story:</strong> I hear a sound that corresponds to each button both when the series of button presses plays, and when I personally press a button.",
        "<strong>User Story:</strong> If I press the wrong button, I am notified that I have done so, and that series of button presses starts again to remind me of the pattern so I can try again.",
        "<strong>User Story:</strong> I can see how many steps are in the current series of button presses.",
        "<strong>User Story:</strong> If I want to restart, I can hit a button to do so, and the game will return to a single step.",
        "<strong>User Story:</strong> I can play in strict mode where if I get a button press wrong, it notifies me that I have done so, and the game restarts at a new random series of button presses.",
        "<strong>User Story:</strong> I can win the game by getting a series of 20 steps correct. I am notified of my victory, then the game starts over.",
        "<strong>Hint:</strong> Here are mp3s you can use for each button: <code>https://s3.amazonaws.com/freecodecamp/simonSound1.mp3</code>, <code>https://s3.amazonaws.com/freecodecamp/simonSound2.mp3</code>, <code>https://s3.amazonaws.com/freecodecamp/simonSound3.mp3</code>, <code>https://s3.amazonaws.com/freecodecamp/simonSound4.mp3</code>.",
        "Remember to use <a href='//github.com/FreeCodeCamp/freecodecamp/wiki/How-to-get-help-when-you-get-stuck' target='_blank'>Read-Search-Ask</a> if you get stuck.",
        "When you are finished, click the \"I've completed this challenge\" button and include a link to your CodePen.",
        "You can get feedback on your project from fellow campers by sharing it in our <a href='//gitter.im/freecodecamp/codereview' target='_blank'>Code Review Chatroom</a>. You can also share it on Twitter and your city's Campsite (on Facebook)."
      ],
      "challengeSeed": [
        "137213633"
      ],
      "tests": [],
      "type": "zipline",
      "challengeType": 3,
      "descriptionEs": [
        "<span class='text-info'>Objetivo:</span> Construye una aplicación en <a href='http://codepen.io' target='_blank'>CodePen.io</a> cuya funcionalidad sea similar a la de esta: <a href='http://codepen.io/Em-Ant/full/QbRyqq/' target='_blank'>http://codepen.io/Em-Ant/full/QbRyqq/</a>.",
        "<span class='text-info'>Regla #1:</span> No veas el código del proyecto de ejemplo en CodePen. Encuentra la forma de hacerlo por tu cuenta.",
        "<span class='text-info'>Regla #2:</span> Satisface las siguientes <a href='http://en.wikipedia.org/wiki/User_story' target='_blank'>historias de usuario</a>. Usa cualquier librería o APIs que necesites. Dale tu estilo personal.",
        "<span class='text-info'>Historia de usuario:</span> Se me presenta una serie aleatoria de pulsaciones a botones.",
        "<span class='text-info'>Historia de usuario:</span> Cada vez que presiono una secuencia de pulsaciones correctamente, veo que vuelve a ejecutarse la misma serie de pulsaciones con un paso adicional.",
        "<span class='text-info'>Historia de usuario:</span> Escucho un sonido que corresponde a cada botón cuando se ejecuta una secuencia de pulsaciones, así como cuando yo presiono un botón.",
        "<span class='text-info'>Historia de usuario:</span> Si presiono el botón equivocado, se me notifica sobre mi error, y se ejecuta de nuevo la serie correcta de pulsaciones para recordarme cuál es la secuencia correcta, tras lo cual puedo intentar de nuevo.",
        "<span class='text-info'>Historia de usuario:</span> Puedo ver cuántos pasos hay en la serie de pulsaciones actual.",
        "<span class='text-info'>Historia de usuario:</span> Si deseo reiniciar, puedo pulsar un botón para hacerlo, y el juego comenzará desde una secuencia con un solo paso.",
        "<span class='text-info'>Historia de usuario:</span> Puedo jugar en modo estricto donde si presiono el botón equivocado, se me notifica de mi error, y el juego vuelve a comenzar con una nueva serie aleatoria de colores.",
        "<span class='text-info'>Historia de usuario:</span> Puedo ganar el juego si completo 20 pasos correctos. Se me notifica sobre mi victoria, tras lo cual el juego se reinicia.",
        "<span class='text-info'>Pista:</span> Aquí hay algunos mp3s que puedes utilizar para tus botones: <code>https://s3.amazonaws.com/freecodecamp/simonSound1.mp3</code>, <code>https://s3.amazonaws.com/freecodecamp/simonSound2.mp3</code>, <code>https://s3.amazonaws.com/freecodecamp/simonSound3.mp3</code>, <code>https://s3.amazonaws.com/freecodecamp/simonSound4.mp3</code>.",
        "Recuerda utilizar <a href='//github.com/FreeCodeCamp/freecodecamp/wiki/How-to-get-help-when-you-get-stuck' target='_blank'>Leer-Buscar-Preguntar</a> si te sientes atascado.",
        "Cuando hayas terminado, pulsa el botón de \"I've completed this challenge\" e incluye un enlace a tu CodePen.",
        "Puedes obtener retroalimentación sobre tu proyecto por parte de otros campistas, compartiéndolo en nuestra <a href='//gitter.im/freecodecamp/codereview' target='_blank'>Sala de chat para revisión de código</a>. También puedes compartirlo en Twitter y en el campamento de tu ciudad (en Facebook)."
      ],
      "isRequired": true,
      "titleEs": "Construye un juego de Simon"
    }
  ]
}
