{
  "name": "Gear up for Success",
  "order": 4,
  "time": "20 minutes",
  "challenges": [
    {
      "id": "570add8ccb82ac38a17513c3",
      "title": "Join our LinkedIn Alumni Network",
      "description": [
        [
          "//i.imgur.com/vJyiXzU.gif",
          "A gif showing how you can click the link below and fill in the necessary fields to add your Free Code Camp studies to your LinkedIn profile.",
          "LinkedIn recognizes Free Code Camp as a university. You can gain access to our large alumni network by adding Free Code Camp to your LinkedIn profile's education section. Set your graduation date as next year. For \"Degree\", type \"Full Stack Web Development Certification\". For \"Field of study\", type \"Computer Software Engineering\". Then click \"Save Changes\".",
          "https://www.linkedin.com/profile/edit-education?school=Free+Code+Camp"
        ]
      ],
      "challengeSeed": [],
      "tests": [],
      "type": "Waypoint",
      "challengeType": 7,
      "titleEs": "Únete a nuestra red de alumnos en LinkedIn",
      "descriptionEs": [
        [
          "//i.imgur.com/vJyiXzU.gif",
          "Un gif mostrando como puedes pulsar el enlace de abajo y llenar todos los campos necesarios para agregar los estudios de Free Code Camp a tu perfil de LinkedIn",
          "LinkedIn reconoce a Free Code Camp como una universidad. Puedes obtener acceso a nuestra larga red de alumnos agregando Free Code Camp a la sección de educación de tu LinkedIn. Define tu fecha de graduación para el siguiente año. En el campo \"Grado\", escribe \"Certificación de Desarrollo Web Full Stack\". En \"Campo de estudio\", escribe \"Ingeniería de Software\". Después pulsa \"Guardar Cambios\".",
          "https://www.linkedin.com/profile/edit-education?school=Free+Code+Camp"
        ]
      ]
    },
    {
      "id": "560adc65cb82ac38a17513c2",
      "title": "Join our Subreddit",
      "description": [
        [
          "//i.imgur.com/DYjJuCG.gif",
          "A gif showing how you can create a Reddit account and join Free Code Camp's subreddit.",
          "Our community has its own subreddit on Reddit. This is a convenient way to ask questions and share links with our entire community. If you don't already have a Reddit account, you can create one in a few seconds - you don't even need an email address. Then you can click the \"subscribe\" button to join our subreddit. You may also want to subscribe to some of the other subreddits listed in our sidebar.",
          "https://reddit.com/r/freecodecamp"
        ]
      ],
      "releasedOn": "February 10, 2016",
      "challengeSeed": [],
      "tests": [],
      "type": "Waypoint",
      "challengeType": 7,
      "titleEs": "Unete a nuestro Subreddit",
      "descriptionEs": [
        [
          "//i.imgur.com/DYjJuCG.gif",
          "Un gif mostrando como puedes crear una cuenta de Reddit y unirte a Free Code Camp subreddit.",
          "Nuestra comunidad tiene su propio subreddit en Reddit. Esta es una manera conveniente de hacer preguntas y compartir enlaces con toda nuestra comunidad. Si aún no dispones de una cuenta de Reddit, puedes crear una en unos segundos - ni siquiera necesitas una dirección de correo electrónico. A continuación, puedes pulsar el botón \"subscribe\" para unirte a nuestro subreddit. También puedes suscribirte a otros subreddits que estan listados en la barra lateral.",
          "https://reddit.com/r/freecodecamp"
        ]
      ]
    },
    {
      "id": "560adf65cb82ac38a17513c2",
      "title": "Read Coding News on our Medium Publication",
      "description": [
        [
          "//i.imgur.com/FxSOL4a.gif",
          "A gif showing how you can create a Medium account.",
          "Our community has a Medium publication where we write lots of articles about software development. If you don't already have a Medium account, you can follow the link and either sign in using social network, or by entering an email (they'll send you an email that you can click-through to create your account.) Once you select a topic of interest, you can continue through the steps.",
          "https://www.medium.com"
        ],
        [
          "//i.imgur.com/zhhywSX.gif",
          "A gif showing how you can click the \"follow\" button to follow Free Code Camp's publication.",
          "Once you're logged in, you can go to Free Code Camp's Medium publication and click \"follow\". Our campers publish several articles each week.",
          "https://medium.freecodecamp.com"
        ]
      ],
      "releasedOn": "February 10, 2016",
      "challengeSeed": [],
      "tests": [],
      "type": "Waypoint",
      "challengeType": 7,
      "titleEs": "Lee noticias de codificación en nuestros canal de publicaciones Medium",
      "descriptionEs": [
        [
          "//i.imgur.com/FxSOL4a.gif",
          "Un gif mostrando cómo crear una cuenta en Medium.",
          "Nuestra comunidad tiene un canal de publicaciones Medium, donde escribimos un montón de artículos sobre desarrollo de software. Si aún no dispones de una cuenta Medium, puedes seguir el enlace y registrarte usando una red social o ingresando un correo electrónico (enviarán un correo electrónico que debes abrirlo para crear tu cuenta.) Selecciona un tema de interés, puedes continuar a través de los pasos.",
          "https://www.medium.com"
        ],
        [
          "//i.imgur.com/zhhywSX.gif",
          "Un gif mostrando cómo puedes pulsar el botón \"follow\" para seguir las publicaciones de Free Code Camp.",
          "Una vez que inicias sesión, puedes ir al canal de publicaciones de Free Code Camp Medium y pulsar \"follow\". Nuestros campistas publican varios artículos cada semana.",
          "https://medium.freecodecamp.com"
        ]
      ]
    },
    {
      "id": "560ade65cb82ac38a17513c2",
      "title": "Watch us Code Live on Twitch.tv",
      "description": [
        [
          "//i.imgur.com/8rtyRY1.gif",
          "A gif showing how you can sign up for Twitch.tv and follow our channel.",
          "Our campers frequently code live on Twitch.tv, a popular streaming website. You can create an account in less than a minute, then follow Free Code Camp's channel. When you follow, you'll get the option of receiving an email notification each time one of our campers goes live. You can then join dozens of other campers and watch them code, and interact in a chat room. This is a fun, casual way to learn by watching people build projects.",
          "https://twitch.tv/freecodecamp"
        ]
      ],
      "releasedOn": "February 10, 2016",
      "challengeSeed": [],
      "tests": [],
      "type": "Waypoint",
      "challengeType": 7,
      "titleEs": "Miranos programar en vivo por Twitch.tv",
      "descriptionEs": [
        [
          "//i.imgur.com/8rtyRY1.gif",
          "Un gif mostrando cómo resgistrarse en Twitch.tv y seguir nuestro canal.",
          "Nuestros campistas programan en vivo con frecuencia en Twitch.tv, un sitio web popular de streaming. Puedes crear una cuenta en menos de un minuto, luego, sigue al canal de Free Code Camp. Cuando sigas al canal, verás la opción de recibir una notificación por correo electrónico cada vez que uno de nuestros campistas esté en vivo. Puedes unirte a docenas de otros campistas y verlos programar, e interactuar en una sala de chat. Esta es una manera divertida e informal de aprender observando a las personas a construir proyectos.",
          "https://twitch.tv/freecodecamp"
        ]
      ]
    },
    {
      "id": "560add8ccb81ac38a17513c4",
      "title": "Commit to a Goal and a Nonprofit",
      "description": [
        [
          "//i.imgur.com/Og1ifsn.gif",
          "A gif showing how you can commit to a goal for your Free Code Camp studies and pledge a monthly donation to a nonprofit to give you external motivation to reach that goal.",
          "You can set a goal and pledge to donate to a nonprofit each month until you achieve that goal. This will give you external motivation in your quest to learn to code, as well as an opportunity to help nonprofits right away. Choose your goal, then choose a monthly donation. When you click \"commit\", the nonprofit's donation page will open in a new tab. This is completely optional, and you can change your commitment or stop it at any time.",
          "/commit"
        ]
      ],
      "challengeSeed": [],
      "tests": [],
      "type": "Waypoint",
      "challengeType": 7,
      "titleEs": "Comprométete con una meta y con una organización sin fines de lucro",
      "descriptionEs": [
        [
          "//i.imgur.com/Og1ifsn.gif",
          "Un gif mostrando como te puedes comprometer con una meta para tus estudios de Free Code Camp y prometer una donación mensual a una organización sin fines de lucro para darte motivación externa de alcanzar esa meta.",
          "Puedes poner una meta y prometer donar mensualmente a una organización sin fines de lucro hasta que alcances tu meta. Esto te dará motivación externa en tu aventura de aprender a programar, así como una oportunidad para ayudar inmediatamente a organizaciones sin fines de lucro. Elige tu meta, después elige tu donativo mensual. Cuando pulses \"commit\", la página de donación de la organización sin fines de lucro se abrirá en una nueva pestaña. Esto es completamente opcional, y puedes cambiar tu compromiso o detenerlo en cualquier momento.",
          "/comprometerse"
        ]
      ]
    }
  ]
}
