{
  "name": "Intermediate Front End Development Projects",
  "order": 11,
  "time": "100 hours",
  "helpRoom": "HelpFrontEnd",
  "challenges": [
    {
      "id": "bd7158d8c442eddfaeb5bd13",
      "title": "Build a Random Quote Machine",
      "description": [
        "<strong>Objective:</strong> Build a <a href='http://codepen.io' target='_blank'>CodePen.io</a> app that is functionally similar to this: <a href='http://codepen.io/FreeCodeCamp/full/bELoPJ' target='_blank'>http://codepen.io/FreeCodeCamp/full/bELoPJ</a>.",
        "<strong>Rule #1:</strong> Don't look at the example project's code. Figure it out for yourself.",
        "<strong>Rule #2:</strong> Fulfill the below <a href='http://en.wikipedia.org/wiki/User_story' target='_blank'>user stories</a>. Use whichever libraries or APIs you need. Give it your own personal style.",
        "<strong>User Story:</strong> I can click a button to show me a new random quote.",
        "<strong>User Story:</strong> I can press a button to tweet out a quote.",
        "Remember to use <a href='//github.com/FreeCodeCamp/freecodecamp/wiki/How-to-get-help-when-you-get-stuck' target='_blank'>Read-Search-Ask</a> if you get stuck.",
        "When you are finished, click the \"I've completed this challenge\" button and include a link to your CodePen. ",
        "You can get feedback on your project from fellow campers by sharing it in our <a href='//gitter.im/freecodecamp/codereview' target='_blank'>Code Review Chatroom</a>. You can also share it on Twitter and your city's Campsite (on Facebook)."
      ],
      "challengeSeed": [
        "126415122"
      ],
      "tests": [],
      "type": "zipline",
      "descriptionRu": [
        "<span class='text-info'>Задание:</span> Создайте <a href='http://codepen.io' target='_blank'>CodePen.io</a> который успешно копирует вот этот: <a href='http://codepen.io/FreeCodeCamp/full/bELoPJ' target='_blank'>http://codepen.io/FreeCodeCamp/full/bELoPJ</a>.",
        "<span class='text-info'>Правило #1:</span> Не подсматривайте код приведенного на CodePen примера. Напишите его самостоятельно.",
        "<span class='text-info'>Правило #2:</span> Можете использовать любые библиотеки или API, которые потребуются.",
        "<span class='text-info'>Правило #3:</span> Воссоздайте функционал приведенного примера и не стесняйтесь добавить что-нибудь от себя.",
        "Реализуйте следующие <a href='http://en.wikipedia.org/wiki/User_story' target='_blank'>пользовательские истории</a>, сделайте также бонусные по желанию:",
        "<span class='text-info'>Пользовательская история:</span> В качестве пользователя, я могу нажать на кнопку и получить случайную цитату.",
        "<span class='text-info'>Бонусная пользовательская история:</span> В качестве пользователя, я могу нажать на кнопку и опубликовать цитату в Twitter'e.",
        "Цитаты можно добавить в массив и случайным образом выводить одну из них, либо можно воспользоваться соответствующим API, например <a href='http://forismatic.com/en/api/'>http://forismatic.com/en/api/</a>.",
        "Если что-то не получается, воспользуйтесь <a href='//github.com/FreeCodeCamp/freecodecamp/wiki/How-to-get-help-when-you-get-stuck' target='_blank'>Read-Search-Ask</a>.",
        "Когда выполните задание кликните кнопку \"I've completed this challenge\" и добавьте ссылку на ваш CodePen. Если вы программировали с кем-то в паре, также добавьте имя вашего напарника.",
        "Если вы хотите получить немедленную оценку вашего проекта, нажмите эту кнопку и добавьте ссылку на ваш CodePen. В противном случае мы проверим его перед тем как вы приступите к проектам для некоммерческих организаций.<br><br><a class='btn btn-primary btn-block' href='https://twitter.com/intent/tweet?text=Check%20out%20the%20project%20I%20just%20built%20with%20%40FreeCodeCamp:%20%0A%20%23LearnToCode%20%23JavaScript' target='_blank'>Click here then add your link to your tweet's text</a>"
      ],
      "descriptionEs": [
        "<span class='text-info'>Objetivo:</span> Crea una aplicación con <a href='http://codepen.io' target='_blank'>CodePen.io</a> cuya funcionalidad sea similar a la de esta: <a href='http://codepen.io/FreeCodeCamp/full/bELoPJ' target='_blank'>http://codepen.io/FreeCodeCamp/full/bELoPJ</a>.",
        "<span class='text-info'>Regla #1:</span> No veas el código del proyecto de ejemplo en CodePen. Encuentra la forma de hacerlo por tu cuenta.",
        "<span class='text-info'>Regla #2:</span> Satisface las siguientes <a href='http://en.wikipedia.org/wiki/User_story' target='_blank'>historias de usuario</a>. Usa cualquier librería o APIs que necesites.",
        "<span class='text-info'>Historia de usuario:</span> Puedo pulsar un botón que me mostrará una nueva frase aleatoria.",
        "<span class='text-info'>Bonus User Story:</span> Puedo presionar un botón para twitear una frase.",
        "Recuerda utilizar <a href='//github.com/FreeCodeCamp/freecodecamp/wiki/How-to-get-help-when-you-get-stuck' target='_blank'>Leer-Buscar-Preguntar</a> si te sientes atascado.",
        "Cuando hayas terminado, pulsa el botón de \"I've completed this challenge\" e incluye un enlace a tu CodePen.",
        "Puedes obtener retroalimentación sobre tu proyecto por parte de otros campistas, compartiendolo en nuestra <a href='//gitter.im/freecodecamp/codereview' target='_blank'>Sala de chat para revisión de código</a>. También puedes compartirlo en Twitter y en el campamento de tu ciudad (en Facebook)."
      ],
      "isRequired": true,
      "challengeType": 3,
      "titleRu": "Создайте генератор случайных цитат",
      "titleEs": "Crea una máquina de frases aleatorias"
    },
    {
      "id": "bd7158d8c442eddfaeb5bd10",
      "title": "Show the Local Weather",
      "description": [
        "<strong>Objective:</strong> Build a <a href='http://codepen.io' target='_blank'>CodePen.io</a> app that is functionally similar to this: <a href='http://codepen.io/FreeCodeCamp/full/bELRjV' target='_blank'>http://codepen.io/FreeCodeCamp/full/bELRjV</a>.",
        "<strong>Rule #1:</strong> Don't look at the example project's code. Figure it out for yourself.",
        "<strong>Rule #2:</strong> Fulfill the below <a href='http://en.wikipedia.org/wiki/User_story' target='_blank'>user stories</a>. Use whichever libraries or APIs you need. Give it your own personal style.",
        "<strong>User Story:</strong> I can see the weather in my current location.",
        "<strong>User Story:</strong> I can see a different icon or background image (e.g. snowy mountain, hot desert) depending on the weather.",
        "<strong>User Story:</strong> I can push a button to toggle between Fahrenheit and Celsius.",
        "We recommend using the <a href='http://openweathermap.org/current#geo' target='_blank'>Open Weather API</a>. This will require creating a free API key. Normally you want to avoid exposing API keys on CodePen, but we haven't been able to find a keyless API for weather.",
        "Remember to use <a href='//github.com/FreeCodeCamp/freecodecamp/wiki/How-to-get-help-when-you-get-stuck' target='_blank'>Read-Search-Ask</a> if you get stuck.",
        "When you are finished, click the \"I've completed this challenge\" button and include a link to your CodePen.",
        "You can get feedback on your project from fellow campers by sharing it in our <a href='//gitter.im/freecodecamp/codereview' target='_blank'>Code Review Chatroom</a>. You can also share it on Twitter and your city's Campsite (on Facebook)."
      ],
      "challengeSeed": [
        "126415127"
      ],
      "tests": [],
      "type": "zipline",
      "challengeType": 3,
      "descriptionRu": [
        "<span class='text-info'>Задание:</span> Создайте <a href='http://codepen.io' target='_blank'>CodePen.io</a> который успешно копирует вот этот: <a href='http://codepen.io/FreeCodeCamp/full/bELRjV' target='_blank'>http://codepen.io/FreeCodeCamp/full/bELRjV</a>.",
        "<span class='text-info'>Правило #1:</span> Не подсматривайте код приведенного на CodePen примера. Напишите его самостоятельно.",
        "<span class='text-info'>Правило #2:</span> Можете использовать любые библиотеки или API, которые потребуются.",
        "<span class='text-info'>Правило #3:</span> Воссоздайте функционал приведенного примера и не стесняйтесь добавить что-нибудь от себя.",
        "Реализуйте следующие <a href='http://en.wikipedia.org/wiki/User_story' target='_blank'>пользовательские истории</a>, сделайте также бонусные по желанию:",
        "<span class='text-info'>Пользовательская история:</span> В качестве пользователя, я могу узнать погоду с учетом моего текущего местоположения.",
        "<span class='text-info'>Бонусная пользовательская история:</span> В качестве пользователя, я могу в зависимости от погоды видеть различные температурные значки.",
        "<span class='text-info'>Бонусная пользовательская история:</span> В качестве пользователя, я могу в зависимости от погоды видеть различные фоновые изображения (снежные горы, знойная пустыня).",
        "<span class='text-info'>Бонусная пользовательская история:</span> В качестве пользователя, я могу нажать на кнопку чтобы переключится между градусами по Цельсию или по Фаренгейту.",
        "Если что-то не получается, воспользуйтесь <a href='//github.com/FreeCodeCamp/freecodecamp/wiki/How-to-get-help-when-you-get-stuck' target='_blank'>Read-Search-Ask</a>.",
        "Когда выполните задание кликните кнопку \"I've completed this challenge\" и добавьте ссылку на ваш CodePen. Если вы программировали с кем-то в паре, также добавьте имя вашего напарника.",
        "Если вы хотите получить немедленную оценку вашего проекта, нажмите эту кнопку и добавьте ссылку на ваш CodePen. В противном случае мы проверим его перед тем как вы приступите к проектам для некоммерческих организаций.<br><br><a class='btn btn-primary btn-block' href='https://twitter.com/intent/tweet?text=Check%20out%20the%20project%20I%20just%20built%20with%20%40FreeCodeCamp:%20%0A%20%23LearnToCode%20%23JavaScript' target='_blank'>Click here then add your link to your tweet's text</a>"
      ],
      "descriptionEs": [
        "<span class='text-info'>Objetivo:</span> Crea una aplicación con <a href='http://codepen.io' target='_blank'>CodePen.io</a> cuya funcionalidad sea similar a la de esta: <a href='http://codepen.io/FreeCodeCamp/full/bELRjV' target='_blank'>http://codepen.io/FreeCodeCamp/full/bELRjV</a>.",
        "<span class='text-info'>Regla #1:</span> No veas el código del proyecto de ejemplo en CodePen. Encuentra la forma de hacerlo por tu cuenta.",
        "<span class='text-info'>Regla #2:</span> Satisface las siguientes <a href='http://en.wikipedia.org/wiki/User_story' target='_blank'>historias de usuario</a>. Usa cualquier librería o APIs que necesites.",
        "<span class='text-info'>Historia de usuario:</span> Pedo obtener información acerca del clima en mi localización actual.",
        "<span class='text-info'>Historia de usuario:</span> Puedo ver un icono diferente o una imagen de fondo diferente (e.g. montaña con nieve, desierto caliente) dependiendo del clima.",
        "<span class='text-info'>Historia de usuario:</span> Puedo pulsar un botón para cambiar la unidad de temperatura de grados Fahrenheit a Celsius y viceversa.",
        "Recomendamos utilizar <a href='http://openweathermap.org/current#geo' target='_blank'>Open Weather API</a>. Al utilizarlo tendrás que crear una llave API gratuita. Normalmente debes evitar exponer llaves de API en CodePen, pero por el momento no hemos encontrado un API de clima que no requiera llave.",
        "Recuerda utilizar <a href='//github.com/FreeCodeCamp/freecodecamp/wiki/How-to-get-help-when-you-get-stuck' target='_blank'>Leer-Buscar-Preguntar</a> si te sientes atascado.",
        "Cuando hayas terminado, pulsa el botón de \"I've completed this challenge\" e incluye un enlace a tu CodePen.",
        "Puedes obtener retroalimentación sobre tu proyecto por parte de otros campistas, compartiendolo en nuestra <a href='//gitter.im/freecodecamp/codereview' target='_blank'>Sala de chat para revisión de código</a>. También puedes compartirlo en Twitter y en el campamento de tu ciudad (en Facebook)."
      ],
      "isRequired": true,
      "titleRu": "Покажите местную погоду",
      "titleEs": "Muestra el clima local"
    },
    {
      "id": "bd7158d8c442eddfaeb5bd19",
      "title": "Build a Wikipedia Viewer",
      "description": [
        "<strong>Objective:</strong> Build a <a href='http://codepen.io' target='_blank'>CodePen.io</a> app that is functionally similar to this: <a href='http://codepen.io/FreeCodeCamp/full/pgNRvJ' target='_blank'>http://codepen.io/FreeCodeCamp/full/pgNRvJ</a>.",
        "<strong>Rule #1:</strong> Don't look at the example project's code. Figure it out for yourself.",
        "<strong>Rule #2:</strong> Fulfill the below <a href='http://en.wikipedia.org/wiki/User_story' target='_blank'>user stories</a>. Use whichever libraries or APIs you need. Give it your own personal style.",
        "<strong>User Story:</strong> I can search Wikipedia entries in a search box and see the resulting Wikipedia entries.",
        "<strong>User Story:</strong> I can click a button to see a random Wikipedia entry.",
        "<span class='text-info'>Hint #1:</span> Here's a URL you can use to get a random Wikipedia article: <code>http://en.wikipedia.org/wiki/Special:Random</code>.",
        "<span class='text-info'>Hint #2:</span> Here's an entry on using Wikipedia's API: <code>http://www.mediawiki.org/wiki/API:Main_page</code>.",
        "<span class='text-info'>Hint #3:</span> Use this <a href='https://en.wikipedia.org/wiki/Special:ApiSandbox#action=query&titles=Main%20Page&prop=revisions&rvprop=content&format=jsonfm' target='_blank'>link</a> to experiment with Wikipedia's API.",
        "Remember to use <a href='//github.com/FreeCodeCamp/freecodecamp/wiki/How-to-get-help-when-you-get-stuck' target='_blank'>Read-Search-Ask</a> if you get stuck.",
        "When you are finished, click the \"I've completed this challenge\" button and include a link to your CodePen.",
        "You can get feedback on your project from fellow campers by sharing it in our <a href='//gitter.im/freecodecamp/codereview' target='_blank'>Code Review Chatroom</a>. You can also share it on Twitter and your city's Campsite (on Facebook)."
      ],
      "challengeSeed": [
        "126415131"
      ],
      "tests": [],
      "type": "zipline",
      "challengeType": 3,
      "descriptionEs": [
        "<span class='text-info'>Objetivo:</span> Crea una aplicación con <a href='http://codepen.io' target='_blank'>CodePen.io</a> cuya funcionalidad sea similar a la de esta: <a href='http://codepen.io/FreeCodeCamp/full/pgNRvJ' target='_blank'>http://codepen.io/FreeCodeCamp/full/pgNRvJ</a>.",
        "<span class='text-info'>Regla #1:</span> No veas el código del proyecto de ejemplo en CodePen. Encuentra la forma de hacerlo por tu cuenta.",
        "<span class='text-info'>Regla #2:</span> Satisface las siguientes <a href='http://en.wikipedia.org/wiki/User_story' target='_blank'>historias de usuario</a>. Usa cualquier librería o APIs que necesites. Dale tu estilo personal.",
        "<span class='text-info'>Historia de usuario:</span> Pedo obtener información acerca del clima en mi localización actual.",
        "<span class='text-info'>Historia de usuario:</span> Puedo ver un icono diferente o una imagen de fondo diferente (e.g. montaña con nieve, desierto caliente) dependiendo del clima.",
        "<span class='text-info'>Historia de usuario:</span> Puedo pulsar un botón para cambiar la unidad de temperatura de grados Fahrenheit a Celsius y viceversa.",
        "<span class='text-info'>Historia de usuario:</span> Puedo buscar entradas en Wikipedia en un cuadro de búsqueda y ver las entradas de Wikipedia resultantes.",
        "<span class='text-info'>Historia de usuario:</span>Puedo pulsar un botón para ver un artículo aleatorio de Wikipedia.",
        "<span class='text-info'>Pista 1:</span> Aquí está una URL donde puedes ver una entrada aleatoria de Wikipedia: <code>http://en.wikipedia.org/wiki/Special:Random<</code>.",
        "<span class='text-info'>Pista 2:</span> Este es un artículo muy útil relativo al uso del API de Wikipedia: <code>http://www.mediawiki.org/wiki/API:Main_page</code>.",
        "<span class='text-info'>Pista 3:</span> Usa este <a href='https://en.wikipedia.org/wiki/Special:ApiSandbox#action=query&titles=Main%20Page&prop=revisions&rvprop=content&format=jsonfm' target='_blank'>enlace</a> para experimentar con el API de Wikipedia.",
        "Recuerda utilizar <a href='//github.com/FreeCodeCamp/freecodecamp/wiki/How-to-get-help-when-you-get-stuck' target='_blank'>Leer-Buscar-Preguntar</a> si te sientes atascado.",
        "Cuando hayas terminado, pulsa el botón de \"I've completed this challenge\" e incluye un enlace a tu CodePen.",
        "Puedes obtener retroalimentación sobre tu proyecto por parte de otros campistas, compartiendolo en nuestra <a href='//gitter.im/freecodecamp/codereview' target='_blank'>Sala de chat para revisión de código</a>. También puedes compartirlo en Twitter y en el campamento de tu ciudad (en Facebook)."
      ],
      "isRequired": true,
      "titleEs": "Crea un buscador de Wikipedia"
    },
    {
      "id": "bd7158d8c442eddfaeb5bd1f",
      "title": "Use the Twitch.tv JSON API",
      "description": [
        "<strong>Objective:</strong> Build a <a href='http://codepen.io' target='_blank'>CodePen.io</a> app that is functionally similar to this: <a href='http://codepen.io/FreeCodeCamp/full/adBpOw' target='_blank'>http://codepen.io/FreeCodeCamp/full/adBpOw</a>.",
        "<strong>Rule #1:</strong> Don't look at the example project's code. Figure it out for yourself.",
        "<strong>Rule #2:</strong> Fulfill the below <a href='http://en.wikipedia.org/wiki/User_story' target='_blank'>user stories</a>. Use whichever libraries or APIs you need. Give it your own personal style.",
        "<strong>User Story:</strong> I can see whether Free Code Camp is currently streaming on Twitch.tv.",
        "<strong>User Story:</strong> I can click the status output and be sent directly to the Free Code Camp's Twitch.tv channel.",
        "<strong>User Story:</strong> if a Twitch user is currently streaming, I can see additional details about what they are streaming.",
        "<strong>User Story:</strong> I will see a placeholder notification if a streamer has closed their Twitch account (or the account never existed). You can verify this works by adding brunofin and comster404 to your array of Twitch streamers.",
        "<strong>Hint:</strong> See an example call to Twitch.tv's JSONP API at <a href='https://github.com/FreeCodeCamp/FreeCodeCamp/wiki/Front-End-Project-Use-the-Twitchtv-JSON-API' target='_blank'>https://github.com/FreeCodeCamp/FreeCodeCamp/wiki/Front-End-Project-Use-the-Twitchtv-JSON-API</a>.",
        "<strong>Hint:</strong> The relevant documentation about this API call is here: <a href='https://github.com/justintv/Twitch-API/blob/master/v3_resources/streams.md#get-streamschannel' target='_blank'>https://github.com/justintv/Twitch-API/blob/master/v3_resources/streams.md#get-streamschannel</a>.",
        "<strong>Hint:</strong> Here's an array of the Twitch.tv usernames of people who regularly stream coding: <code>[\"freecodecamp\", \"storbeck\", \"terakilobyte\", \"habathcx\",\"RobotCaleb\",\"thomasballinger\",\"noobs2ninjas\",\"beohoff\"]</code>",
        "Remember to use <a href='//github.com/FreeCodeCamp/freecodecamp/wiki/How-to-get-help-when-you-get-stuck' target='_blank'>Read-Search-Ask</a> if you get stuck.",
        "When you are finished, click the \"I've completed this challenge\" button and include a link to your CodePen.",
        "You can get feedback on your project from fellow campers by sharing it in our <a href='//gitter.im/freecodecamp/codereview' target='_blank'>Code Review Chatroom</a>. You can also share it on Twitter and your city's Campsite (on Facebook)."
      ],
      "challengeSeed": [
        "126411564"
      ],
      "tests": [],
      "type": "zipline",
      "challengeType": 3,
      "descriptionRu": [
        "<span class='text-info'>Задание:</span> Создайте <a href='http://codepen.io' target='_blank'>CodePen.io</a> который успешно копирует вот этот: <a href='http://codepen.io/FreeCodeCamp/full/adBpOw' target='_blank'>http://codepen.io/FreeCodeCamp/full/adBpOw</a>.",
        "<span class='text-info'>Правило #1:</span> Не подсматривайте код приведенного на CodePen примера. Напишите его самостоятельно.",
        "<span class='text-info'>Правило #2:</span> Можете использовать любые библиотеки или API, которые потребуются.",
        "<span class='text-info'>Правило #3:</span> Воссоздайте функционал приведенного примера и не стесняйтесь добавить что-нибудь от себя.",
        "Реализуйте следующие <a href='http://en.wikipedia.org/wiki/User_story' target='_blank'>пользовательские истории</a>, сделайте также бонусные по желанию:",
        "<span class='text-info'>Пользовательская история:</span> В качестве пользователя, я могу увидеть идет ли в данный момент на Twitch.tv трансляция Free Code Camp.",
        "<span class='text-info'>Пользовательская история:</span> В качестве пользователя, я могу, кликнув на описание трансляции, перейти на канал Free Code Camp.",
        "<span class='text-info'>Пользовательская история:</span> В качестве пользователя, я могу видеть дополнительную информацию о текущей трансляции Free Code Camp.",
        "<span class='text-info'>Бонусная пользовательская история:</span> В качестве пользователя, я могу произвести поиск среди перечисленных каналов.",
        "<span class='text-info'>Бонусная пользовательская история:</span> В качестве пользователя, я могу видеть уведомление, если создатель канала закрыл свой аккаунт на Twitch.tv. Добавьте в массив имена пользователей brunofin и comster404, чтобы убедиться, что эта функция реализована правильно.",
        "<span class='text-info'>Подсказка:</span> Пример запроса к Twitch.tv JSON API: <code>https://api.twitch.tv/kraken/streams/freecodecamp</code>.",
        "<span class='text-info'>Подсказка:</span> Документацию об этом запросе можно найти по ссылке: <a href='https://github.com/justintv/Twitch-API/blob/master/v3_resources/streams.md#get-streamschannel' target='_blank'>https://github.com/justintv/Twitch-API/blob/master/v3_resources/streams.md#get-streamschannel</a>.",
        "<span class='text-info'>Подсказка:</span> В этом массиве приведены имена пользователей, которые регулярно пишут код онлайн: <code>[\"freecodecamp\", \"storbeck\", \"terakilobyte\", \"habathcx\",\"RobotCaleb\",\"comster404\",\"brunofin\",\"thomasballinger\",\"noobs2ninjas\",\"beohoff\"]</code>",
        "Если что-то не получается, воспользуйтесь <a href='//github.com/FreeCodeCamp/freecodecamp/wiki/How-to-get-help-when-you-get-stuck' target='_blank'>Read-Search-Ask</a>.",
        "Когда выполните задание кликните кнопку \"I've completed this challenge\" и добавьте ссылку на ваш CodePen. Если вы программировали с кем-то в паре, также добавьте имя вашего напарника.",
        "Если вы хотите получить немедленную оценку вашего проекта, нажмите эту кнопку и добавьте ссылку на ваш CodePen. В противном случае мы проверим его перед тем как вы приступите к проектам для некоммерческих организаций.<br><br><a class='btn btn-primary btn-block' href='https://twitter.com/intent/tweet?text=Check%20out%20the%20project%20I%20just%20built%20with%20%40FreeCodeCamp:%20%0A%20%23LearnToCode%20%23JavaScript' target='_blank'>Click here then add your link to your tweet's text</a>"
      ],
      "descriptionEs": [
        "<span class='text-info'>Objetivo:</span> Crea una aplicación con <a href='http://codepen.io' target='_blank'>CodePen.io</a> cuya funcionalidad sea similar a la de esta: <a href='http://codepen.io/FreeCodeCamp/full/adBpOw' target='_blank'>http://codepen.io/FreeCodeCamp/full/adBpOw</a>.",
        "<span class='text-info'>Regla #1:</span> No veas el código del proyecto de ejemplo en CodePen. Encuentra la forma de hacerlo por tu cuenta.",
        "<span class='text-info'>Regla #2:</span> Satisface las siguientes <a href='http://en.wikipedia.org/wiki/User_story' target='_blank'>historias de usuario</a>. Usa cualquier librería o APIs que necesites. Dale tu estilo personal.",
        "<span class='text-info'>Historia de usuario:</span> Puedo verificar si Free Code Camp está transmitiendo actualmente en Twitch.tv",
        "<span class='text-info'>Historia de usuario:</span> Puedo pulsar el estatus y ser enviado directamente al canal de Free Code Camp en Twitch.tv.",
        "<span class='text-info'>Historia de usuario:</span> Si un usuario Twitch está transmitiendo actualmente, puedo ver detalles adicionales acerca del contenido que están transmitiendo.",
        "<span class='text-info'>Historia de usuario:</span> Puedo ver una notificación si el usuario ha cerrado su cuenta de Twitch (o si la cuenta nunca ha existido). Puedes verificar si esto funciona agregando brunofin y comster404 a tu vector de usuarios de Twitch.",
        "<span class='text-info'>Pista:</span> Obseva una llamada de ejemplo al API JSONP de Twitch.tv en <code>https://github.com/FreeCodeCamp/FreeCodeCamp/wiki/Zipline-Use-the-Twitchtv-JSON-API</code>.",
        "<span class='text-info'>Pista:</span> La documentación relevante sobre esta llamada al API está aquí: <a href='https://github.com/justintv/Twitch-API/blob/master/v3_resources/streams.md#get-streamschannel' target='_blank'>https://github.com/justintv/Twitch-API/blob/master/v3_resources/streams.md#get-streamschannel</a>.",
        "<span class='text-info'>Pista:</span> Aquí está un vector de usuarios en Twitch.tv que regularmente transmiten sobre programación: <code>[\"freecodecamp\", \"storbeck\", \"terakilobyte\", \"habathcx\",\"RobotCaleb\",\"thomasballinger\",\"noobs2ninjas\",\"beohoff\"]</code>",
        "Recuerda utilizar <a href='//github.com/FreeCodeCamp/freecodecamp/wiki/How-to-get-help-when-you-get-stuck' target='_blank'>Leer-Buscar-Preguntar</a> si te sientes atascado.",
        "Cuando hayas terminado, pulsa el botón de \"I've completed this challenge\" e incluye un enlace a tu CodePen.",
        "Puedes obtener retroalimentación sobre tu proyecto por parte de otros campistas, compartiendolo en nuestra <a href='//gitter.im/freecodecamp/codereview' target='_blank'>Sala de chat para revisión de código</a>. También puedes compartirlo en Twitter y en el campamento de tu ciudad (en Facebook)."
      ],
      "isRequired": true,
      "titleRu": "Используйте Twitch.tv JSON API",
      "titleEs": "Usa el API JSON de Twitch.tv"
    }
  ]
}
